Text,Language
தமிழ்நாடு,Tamil
செய்தி தமிழ் இது ஒரு,Tamil
நன்றி!,Tamil
வணக்கம்!,Tamil
மொழி தமிழ்?,Tamil
தமிழ் பாடம் ஒரு இந்த,Tamil
இருக்கிறீர்கள் எப்படி நீங்கள்?,Tamil
இது பரிசோதனை ஒரு?,Tamil
நன்றாக நான் இருக்கிறேன்!,Tamil
என் இது கருத்து,Tamil
நாம் ஏன்!,Tamil
காதலிக்கிறேன் நான்?,Tamil
நான் ஏனெனில்!,Tamil
நான் இருக்கிறேன் மகிழ்ச்சியாக,Tamil
படியுங்கள் நீங்கள் இதைப்,Tamil
என் இது இதயம்?,Tamil
உங்களுக்கு நான்?,Tamil
இந்த புத்தகம்,Tamil
என்ன நீங்கள் செய்கிறீர்கள்,Tamil
உங்களுக்காக நான் எழுதினேன்!,Tamil
என் வீட்டின்!,Tamil
சொன்னேன் நான்,Tamil
அவன் என் நண்பர்,Tamil
போகவில்லை நான்,Tamil
நீங்கள் நான்,Tamil
உன்னை நான்,Tamil
எனக்கு அது?,Tamil
நான் எனக்கு?,Tamil
இந்த புத்தகங்கள்,Tamil
எழுதியது நான்!,Tamil
உங்களுக்காக!,Tamil
நான் கேட்கிறேன்?,Tamil
நான் அவனுக்காக,Tamil
நீங்கள் அந்த!,Tamil
நான் சொல்லும்,Tamil
போய் நான்?,Tamil
நீங்கள் நான் என்று!,Tamil
நீங்கள் பற்றி இதை!,Tamil
சொன்னது நான்?,Tamil
அவனை அவன்,Tamil
நான் செய்தேன்?,Tamil
நீங்கள் என்னை?,Tamil
எனக்கு நீங்கள்,Tamil
அந்த நான்!,Tamil
அந்த நான்,Tamil
நீங்கள் அங்கு,Tamil
என்ன நீங்கள்,Tamil
நான் அங்கு,Tamil
நான் அவனுக்கு!,Tamil
போய் நீங்கள்?,Tamil
செய்தி ஒரு தமிழ் இது,Tamil
நன்றி,Tamil
வணக்கம்?,Tamil
தமிழ் மொழி,Tamil
பாடம் ஒரு தமிழ் இந்த?,Tamil
எப்படி இருக்கிறீர்கள் நீங்கள்?,Tamil
ஒரு பரிசோதனை இது?,Tamil
நன்றாக இருக்கிறேன் நான்!,Tamil
என் இது கருத்து?,Tamil
காதலிக்கிறேன் நான்!,Tamil
ஏனெனில் நான்?,Tamil
இருக்கிறேன் நான் மகிழ்ச்சியாக,Tamil
நீங்கள் இதைப் படியுங்கள்?,Tamil
இது என் இதயம்?,Tamil
உங்களுக்கு நான்,Tamil
இந்த புத்தகம்?,Tamil
என்ன நீங்கள் செய்கிறீர்கள்?,Tamil
நான் உங்களுக்காக எழுதினேன்!,Tamil
வீட்டின் என்?,Tamil
சொன்னேன் நான்?,Tamil
நண்பர் என் அவன்?,Tamil
போகவில்லை நான்?,Tamil
நீங்கள் நான்!,Tamil
நான் உன்னை,Tamil
அது எனக்கு,Tamil
எனக்கு நான்,Tamil
புத்தகங்கள் இந்த?,Tamil
எழுதியது நான்?,Tamil
நான் கேட்கிறேன்!,Tamil
அவனுக்காக நான்,Tamil
அந்த நீங்கள்?,Tamil
நான் சொல்லும்!,Tamil
நான் போய்?,Tamil
நீங்கள் என்று நான்?,Tamil
நீங்கள் இதை பற்றி!,Tamil
நான் சொன்னது!,Tamil
அவனை அவன்?,Tamil
நான் செய்தேன்!,Tamil
என்னை நீங்கள்,Tamil
நீங்கள் எனக்கு!,Tamil
நான் அந்த,Tamil
அங்கு நீங்கள்,Tamil
நீங்கள் என்ன!,Tamil
அங்கு நான்?,Tamil
அவனுக்கு நான்?,Tamil
தமிழ்நாடு?,Tamil
ஒரு இது செய்தி தமிழ்!,Tamil
நன்றி?,Tamil
மொழி தமிழ்!,Tamil
பாடம் தமிழ் ஒரு இந்த!,Tamil
இருக்கிறீர்கள் எப்படி நீங்கள்,Tamil
ஒரு பரிசோதனை இது!,Tamil
நான் இருக்கிறேன் நன்றாக?,Tamil
கருத்து என் இது!,Tamil
நான் ஏனெனில்?,Tamil
மகிழ்ச்சியாக நான் இருக்கிறேன்,Tamil
இதைப் படியுங்கள் நீங்கள்!,Tamil
இது இதயம் என்,Tamil
நான் உங்களுக்கு?,Tamil
செய்கிறீர்கள் நீங்கள் என்ன?,Tamil
உங்களுக்காக எழுதினேன் நான்!,Tamil
சொன்னேன் நான்!,Tamil
நான் நீங்கள்,Tamil
உன்னை நான்!,Tamil
நான் எனக்கு!,Tamil
இந்த புத்தகங்கள்!,Tamil
உங்களுக்காக?,Tamil
கேட்கிறேன் நான்!,Tamil
நான் அவனுக்காக?,Tamil
நான் சொல்லும்?,Tamil
நான் நீங்கள் என்று,Tamil
இதை பற்றி நீங்கள்!,Tamil
நான் சொன்னது?,Tamil
எனக்கு நீங்கள்!,Tamil
நான் அந்த?,Tamil
நீங்கள் அங்கு!,Tamil
நீங்கள் என்ன,Tamil
நான் அங்கு?,Tamil
அவனுக்கு நான்!,Tamil
தமிழ் ஒரு இது செய்தி,Tamil
வணக்கம்,Tamil
இந்த ஒரு தமிழ் பாடம்,Tamil
நீங்கள் எப்படி இருக்கிறீர்கள்!,Tamil
இது பரிசோதனை ஒரு!,Tamil
நான் நன்றாக இருக்கிறேன்?,Tamil
கருத்து என் இது?,Tamil
நாம் ஏன்,Tamil
காதலிக்கிறேன் நான்,Tamil
ஏனெனில் நான்,Tamil
இதைப் நீங்கள் படியுங்கள்?,Tamil
இது இதயம் என்?,Tamil
நான் உங்களுக்கு,Tamil
நீங்கள் என்ன செய்கிறீர்கள்!,Tamil
நான் எழுதினேன் உங்களுக்காக!,Tamil
நான் சொன்னேன்?,Tamil
என் அவன் நண்பர்!,Tamil
நான் போகவில்லை,Tamil
நான் நீங்கள்!,Tamil
எனக்கு அது,Tamil
நான் எனக்கு,Tamil
நான் எழுதியது,Tamil
நான் கேட்கிறேன்,Tamil
நீங்கள் அந்த,Tamil
சொல்லும் நான்!,Tamil
போய் நான்,Tamil
அவன் அவனை!,Tamil
எனக்கு நீங்கள்?,Tamil
அந்த நான்?,Tamil
நீங்கள் என்ன?,Tamil
நான் அங்கு!,Tamil
நீங்கள் போய்,Tamil
தமிழ் ஒரு இது செய்தி!,Tamil
தமிழ் மொழி?,Tamil
ஒரு இந்த பாடம் தமிழ்!,Tamil
நீங்கள் எப்படி இருக்கிறீர்கள்?,Tamil
நான் இருக்கிறேன் நன்றாக!,Tamil
என் கருத்து இது!,Tamil
இருக்கிறேன் நான் மகிழ்ச்சியாக?,Tamil
இதைப் படியுங்கள் நீங்கள்,Tamil
உங்களுக்கு நான்!,Tamil
புத்தகம் இந்த!,Tamil
நீங்கள் செய்கிறீர்கள் என்ன,Tamil
எழுதினேன் உங்களுக்காக நான்!,Tamil
வீட்டின் என்!,Tamil
நான் சொன்னேன்!,Tamil
என் அவன் நண்பர்,Tamil
எனக்கு நான்!,Tamil
அந்த நீங்கள்!,Tamil
என்று நீங்கள் நான்?,Tamil
நீங்கள் பற்றி இதை?,Tamil
அவனை அவன்!,Tamil
அங்கு நீங்கள்!,Tamil
என்ன நீங்கள்!,Tamil
நீங்கள் போய்!,Tamil
ஒரு இது தமிழ் செய்தி!,Tamil
தமிழ் பாடம் இந்த ஒரு?,Tamil
நான் நன்றாக இருக்கிறேன்!,Tamil
ஏன் நாம்!,Tamil
மகிழ்ச்சியாக நான் இருக்கிறேன்?,Tamil
படியுங்கள் இதைப் நீங்கள்!,Tamil
என் வீட்டின்,Tamil
என் நண்பர் அவன்?,Tamil
உன்னை நான்?,Tamil
அது எனக்கு?,Tamil
எழுதியது நான்,Tamil
நான் அவனுக்காக!,Tamil
நீங்கள் அந்த?,Tamil
நான் போய்,Tamil
நான் என்று நீங்கள்,Tamil
பற்றி நீங்கள் இதை?,Tamil
நான் சொன்னது,Tamil
அவன் அவனை,Tamil
செய்தேன் நான்!,Tamil
நீங்கள் என்னை!,Tamil
நீங்கள் எனக்கு,Tamil
அவனுக்கு நான்,Tamil
போய் நீங்கள்,Tamil
தமிழ் ஒரு செய்தி இது!,Tamil
தமிழ் பாடம் இந்த ஒரு,Tamil
எப்படி நீங்கள் இருக்கிறீர்கள்?,Tamil
இது ஒரு பரிசோதனை?,Tamil
நன்றாக இருக்கிறேன் நான்,Tamil
ஏன் நாம்,Tamil
நான் காதலிக்கிறேன்,Tamil
நான் இருக்கிறேன் மகிழ்ச்சியாக!,Tamil
படியுங்கள் இதைப் நீங்கள்?,Tamil
இது என் இதயம்!,Tamil
உங்களுக்காக எழுதினேன் நான்,Tamil
வீட்டின் என்,Tamil
நண்பர் அவன் என்!,Tamil
நான் போகவில்லை?,Tamil
நான் உன்னை!,Tamil
புத்தகங்கள் இந்த,Tamil
நான் எழுதியது?,Tamil
உங்களுக்காக,Tamil
சொல்லும் நான்,Tamil
என்று நீங்கள் நான்!,Tamil
சொன்னது நான்,Tamil
என்னை நீங்கள்!,Tamil
இது செய்தி தமிழ் ஒரு,Tamil
மொழி தமிழ்,Tamil
தமிழ் ஒரு பாடம் இந்த?,Tamil
இருக்கிறீர்கள் எப்படி நீங்கள்!,Tamil
ஒரு இது பரிசோதனை?,Tamil
நான் நன்றாக இருக்கிறேன்,Tamil
என் இது கருத்து!,Tamil
நான் காதலிக்கிறேன்?,Tamil
இதயம் என் இது?,Tamil
நீங்கள் என்ன செய்கிறீர்கள்,Tamil
நான் எழுதினேன் உங்களுக்காக,Tamil
அவன் என் நண்பர்!,Tamil
போகவில்லை நான்!,Tamil
நான் எழுதியது!,Tamil
என்று நான் நீங்கள்,Tamil
இதை பற்றி நீங்கள்?,Tamil
சொன்னது நான்!,Tamil
என்னை நீங்கள்?,Tamil
தமிழ்நாடு!,Tamil
ஒரு செய்தி இது தமிழ்!,Tamil
தமிழ் மொழி!,Tamil
ஒரு இந்த தமிழ் பாடம்,Tamil
பரிசோதனை ஒரு இது?,Tamil
இருக்கிறேன் நன்றாக நான்?,Tamil
இருக்கிறேன் நான் மகிழ்ச்சியாக!,Tamil
படியுங்கள் இதைப் நீங்கள்,Tamil
இதயம் இது என்,Tamil
புத்தகம் இந்த,Tamil
என்ன செய்கிறீர்கள் நீங்கள்,Tamil
எழுதினேன் நான் உங்களுக்காக!,Tamil
என் நண்பர் அவன்!,Tamil
அது எனக்கு!,Tamil
அவனுக்காக நான்!,Tamil
பற்றி இதை நீங்கள்?,Tamil
செய்தேன் நான்,Tamil
என்ன நீங்கள்?,Tamil
நான் அவனுக்கு,Tamil
இந்த பாடம் ஒரு தமிழ்?,Tamil
இருக்கிறீர்கள் நீங்கள் எப்படி,Tamil
இது கருத்து என்?,Tamil
ஏன் நாம்?,Tamil
நான் காதலிக்கிறேன்!,Tamil
நான் ஏனெனில்,Tamil
நான் மகிழ்ச்சியாக இருக்கிறேன்?,Tamil
இதைப் நீங்கள் படியுங்கள்!,Tamil
இதயம் இது என்?,Tamil
எழுதினேன் உங்களுக்காக நான்?,Tamil
என் அவன் நண்பர்?,Tamil
இந்த புத்தகங்கள்?,Tamil
சொல்லும் நான்?,Tamil
செய்தேன் நான்?,Tamil
ஒரு செய்தி தமிழ் இது,Tamil
ஒரு தமிழ் பாடம் இந்த,Tamil
இருக்கிறேன் நன்றாக நான்,Tamil
இது கருத்து என்!,Tamil
படியுங்கள் நீங்கள் இதைப்!,Tamil
நான் உன்னை?,Tamil
எனக்கு அது!,Tamil
அந்த நீங்கள்,Tamil
போய் நான்!,Tamil
என்று நான் நீங்கள்?,Tamil
இதை நீங்கள் பற்றி,Tamil
நான் அந்த!,Tamil
அங்கு நீங்கள்?,Tamil
தமிழ் இது செய்தி ஒரு,Tamil
பாடம் ஒரு இந்த தமிழ்?,Tamil
எப்படி நீங்கள் இருக்கிறீர்கள்!,Tamil
ஏனெனில் நான்!,Tamil
மகிழ்ச்சியாக இருக்கிறேன் நான்,Tamil
நீங்கள் படியுங்கள் இதைப்!,Tamil
நீங்கள் என்ன செய்கிறீர்கள்?,Tamil
நான் நீங்கள்?,Tamil
கேட்கிறேன் நான்?,Tamil
நான் நீங்கள் என்று?,Tamil
பற்றி இதை நீங்கள்!,Tamil
இது செய்தி தமிழ் ஒரு!,Tamil
இது ஒரு பரிசோதனை,Tamil
நன்றாக நான் இருக்கிறேன்,Tamil
கருத்து இது என்?,Tamil
நீங்கள் படியுங்கள் இதைப்,Tamil
நான் உங்களுக்கு!,Tamil
உங்களுக்காக எழுதினேன் நான்?,Tamil
அவன் அவனை?,Tamil
நீங்கள் போய்?,Tamil
தமிழ் ஒரு செய்தி இது,Tamil
தமிழ் பாடம் ஒரு இந்த!,Tamil
நீங்கள் இருக்கிறீர்கள் எப்படி!,Tamil
ஒரு பரிசோதனை இது,Tamil
இருக்கிறேன் நான் நன்றாக,Tamil
இருக்கிறேன் மகிழ்ச்சியாக நான்!,Tamil
நீங்கள் படியுங்கள் இதைப்?,Tamil
நான் உங்களுக்காக எழுதினேன்,Tamil
என் வீட்டின்?,Tamil
நான் சொன்னேன்,Tamil
கேட்கிறேன் நான்,Tamil
அவனுக்காக நான்?,Tamil
நீங்கள் நான் என்று,Tamil
இது தமிழ் ஒரு செய்தி,Tamil
ஒரு இந்த தமிழ் பாடம்!,Tamil
இது ஒரு பரிசோதனை!,Tamil
இது என் கருத்து!,Tamil
இருக்கிறேன் மகிழ்ச்சியாக நான்?,Tamil
இது இதயம் என்!,Tamil
செய்கிறீர்கள் நீங்கள் என்ன,Tamil
எழுதினேன் உங்களுக்காக நான்,Tamil
இதை நீங்கள் பற்றி!,Tamil
அங்கு நான்!,Tamil
போய் நீங்கள்!,Tamil
ஒரு தமிழ் இது செய்தி!,Tamil
இந்த தமிழ் பாடம் ஒரு!,Tamil
நீங்கள் எப்படி இருக்கிறீர்கள்,Tamil
பரிசோதனை இது ஒரு!,Tamil
நன்றாக இருக்கிறேன் நான்?,Tamil
இது கருத்து என்,Tamil
நான் உங்களுக்காக எழுதினேன்?,Tamil
நீங்கள் நான்?,Tamil
பற்றி நீங்கள் இதை,Tamil
இந்த ஒரு தமிழ் பாடம்?,Tamil
நீங்கள் இருக்கிறீர்கள் எப்படி,Tamil
என் கருத்து இது,Tamil
நாம் ஏன்?,Tamil
இருக்கிறேன் மகிழ்ச்சியாக நான்,Tamil
அவன் நண்பர் என்,Tamil
என்று நீங்கள் நான்,Tamil
இதை நீங்கள் பற்றி?,Tamil
செய்தி ஒரு தமிழ் இது!,Tamil
இருக்கிறீர்கள் நீங்கள் எப்படி!,Tamil
பரிசோதனை இது ஒரு,Tamil
இதைப் படியுங்கள் நீங்கள்?,Tamil
நீங்கள் அங்கு?,Tamil
நான் அவனுக்கு?,Tamil
செய்தி இது தமிழ் ஒரு!,Tamil
பாடம் இந்த ஒரு தமிழ்,Tamil
இருக்கிறேன் நான் நன்றாக?,Tamil
இது என் கருத்து?,Tamil
மகிழ்ச்சியாக இருக்கிறேன் நான்?,Tamil
புத்தகம் இந்த?,Tamil
என் நண்பர் அவன்,Tamil
நீங்கள் இதை பற்றி?,Tamil
நான் இருக்கிறேன் நன்றாக,Tamil
கருத்து என் இது,Tamil
படியுங்கள் நீங்கள் இதைப்?,Tamil
நண்பர் என் அவன்!,Tamil
தமிழ் செய்தி இது ஒரு?,Tamil
பாடம் இந்த தமிழ் ஒரு,Tamil
எப்படி இருக்கிறீர்கள் நீங்கள்!,Tamil
என் இதயம் இது,Tamil
நண்பர் அவன் என்?,Tamil
நான் போகவில்லை!,Tamil
நான் என்று நீங்கள்!,Tamil
நீங்கள் எனக்கு?,Tamil
செய்தி இது தமிழ் ஒரு,Tamil
செய்கிறீர்கள் என்ன நீங்கள்?,Tamil
நீங்கள் என்னை,Tamil
தமிழ் ஒரு இந்த பாடம்,Tamil
இருக்கிறேன் நான் நன்றாக!,Tamil
என் இது இதயம்,Tamil
நண்பர் அவன் என்,Tamil
என்று நான் நீங்கள்!,Tamil
அங்கு நான்,Tamil
இந்த பாடம் ஒரு தமிழ்!,Tamil
எப்படி நீங்கள் இருக்கிறீர்கள்,Tamil
பரிசோதனை இது ஒரு?,Tamil
நான் இருக்கிறேன் மகிழ்ச்சியாக?,Tamil
நீங்கள் என்று நான்!,Tamil
இது ஒரு செய்தி தமிழ்?,Tamil
இந்த தமிழ் ஒரு பாடம்!,Tamil
பரிசோதனை ஒரு இது!,Tamil
அவன் என் நண்பர்?,Tamil
புத்தகங்கள் இந்த!,Tamil
நீங்கள் இதை பற்றி,Tamil
செய்தி இது ஒரு தமிழ்,Tamil
இது பரிசோதனை ஒரு,Tamil
செய்கிறீர்கள் என்ன நீங்கள்,Tamil
அவன் நண்பர் என்?,Tamil
நான் நீங்கள் என்று!,Tamil
ஒரு இது தமிழ் செய்தி,Tamil
பாடம் இந்த தமிழ் ஒரு?,Tamil
எழுதினேன் நான் உங்களுக்காக?,Tamil
நண்பர் என் அவன்,Tamil
நான் செய்தேன்,Tamil
ஒரு செய்தி தமிழ் இது!,Tamil
இது என் இதயம்,Tamil
தமிழ் இது ஒரு செய்தி!,Tamil
நான் மகிழ்ச்சியாக இருக்கிறேன்!,Tamil
என்ன செய்கிறீர்கள் நீங்கள்?,Tamil
தமிழ் இது செய்தி ஒரு?,Tamil
இந்த பாடம் தமிழ் ஒரு?,Tamil
இருக்கிறீர்கள் நீங்கள் எப்படி?,Tamil
கருத்து இது என்!,Tamil
மகிழ்ச்சியாக நான் இருக்கிறேன்!,Tamil
நீங்கள் செய்கிறீர்கள் என்ன!,Tamil
தமிழ் இது ஒரு செய்தி?,Tamil
ஒரு பாடம் தமிழ் இந்த!,Tamil
பரிசோதனை ஒரு இது,Tamil
செய்கிறீர்கள் என்ன நீங்கள்!,Tamil
அவன் நண்பர் என்!,Tamil
ஒரு செய்தி இது தமிழ்,Tamil
தமிழ் இந்த பாடம் ஒரு!,Tamil
உங்களுக்காக நான் எழுதினேன்,Tamil
இது தமிழ் செய்தி ஒரு!,Tamil
ஒரு தமிழ் இந்த பாடம்?,Tamil
நீங்கள் இதைப் படியுங்கள்,Tamil
நான் போய்!,Tamil
செய்தி ஒரு தமிழ் இது?,Tamil
இந்த தமிழ் பாடம் ஒரு?,Tamil
நீங்கள் நான் என்று?,Tamil
தமிழ் இந்த பாடம் ஒரு,Tamil
இந்த ஒரு தமிழ் பாடம்!,Tamil
ஒரு இது பரிசோதனை,Tamil
நான் மகிழ்ச்சியாக இருக்கிறேன்,Tamil
நீங்கள் என்று நான்,Tamil
செய்தி இது ஒரு தமிழ்?,Tamil
ஒரு இது பரிசோதனை!,Tamil
இருக்கிறேன் நன்றாக நான்!,Tamil
எனக்கு நான்?,Tamil
பற்றி நீங்கள் இதை!,Tamil
தமிழ் செய்தி இது ஒரு!,Tamil
ஒரு பாடம் தமிழ் இந்த,Tamil
ஒரு தமிழ் பாடம் இந்த?,Tamil
என் இது இதயம்!,Tamil
இதை பற்றி நீங்கள்,Tamil
தமிழ் ஒரு இது செய்தி?,Tamil
பாடம் ஒரு தமிழ் இந்த!,Tamil
తెలుగు భాష?,Telugu
తెలుగు సందేశం ఒక ఇది,Telugu
ధన్యవాదాలు!,Telugu
నమస్కారం!,Telugu
తెలుగు భాషా?,Telugu
పాఠం ఈ తెలుగు?,Telugu
మీరు ఉన్నారు ఎలా!,Telugu
ప్రయోగం ఒక ఇది!,Telugu
బాగా నేను ఉన్నాను!,Telugu
ఇది నా అభిప్రాయం?,Telugu
ఎందుకు మేము!,Telugu
నేను ప్రేమిస్తున్నాను?,Telugu
ఎందుకంటే నేను!,Telugu
నేను సంతోషంగా ఉన్నాను,Telugu
దీన్ని మీరు చదవండి?,Telugu
గుండె నా ఇది!,Telugu
నేను మీకు,Telugu
ఈ పుస్తకం,Telugu
మీరు చేస్తున్నారు ఏమి!,Telugu
కోసం రాశాను నేను మీ,Telugu
ఇంటి నా,Telugu
చెప్పాను నేను!,Telugu
ఆయన స్నేహితుడు నా,Telugu
నేను వెళ్లను?,Telugu
మీరు నేను?,Telugu
నిన్ను నేను?,Telugu
నాకు అది?,Telugu
నేను నాకు?,Telugu
పుస్తకాలు ఈ!,Telugu
వ్రాసిన నేను,Telugu
మీ కోసం?,Telugu
అడుగుతున్నాను నేను,Telugu
నేను అతనికి?,Telugu
ఆ మీరు,Telugu
చెప్పే నేను?,Telugu
నేను వెళ్లి,Telugu
నేను మీరు అని?,Telugu
ఈ గురించి మీరు?,Telugu
నేను చెప్పాను!,Telugu
ఆయన అతనిని!,Telugu
నేను చేసాను!,Telugu
నన్ను మీరు,Telugu
నాకు మీరు,Telugu
ఆ నేను!,Telugu
మీరు అక్కడ!,Telugu
ఏమి మీరు?,Telugu
నేను అక్కడ!,Telugu
అతనికి నేను,Telugu
వెళ్లి మీరు?,Telugu
సందేశం ఇది తెలుగు ఒక,Telugu
ధన్యవాదాలు?,Telugu
నమస్కారం,Telugu
భాషా తెలుగు!,Telugu
పాఠం తెలుగు ఈ!,Telugu
మీరు ఉన్నారు ఎలా,Telugu
ప్రయోగం ఇది ఒక,Telugu
ఉన్నాను నేను బాగా?,Telugu
ఎందుకు మేము,Telugu
ప్రేమిస్తున్నాను నేను?,Telugu
నేను ఎందుకంటే!,Telugu
సంతోషంగా ఉన్నాను నేను?,Telugu
మీరు చదవండి దీన్ని,Telugu
నా ఇది గుండె?,Telugu
మీకు నేను!,Telugu
పుస్తకం ఈ,Telugu
మీరు ఏమి చేస్తున్నారు!,Telugu
కోసం నేను రాశాను మీ?,Telugu
ఇంటి నా?,Telugu
నేను చెప్పాను,Telugu
నా స్నేహితుడు ఆయన!,Telugu
వెళ్లను నేను!,Telugu
నేను మీరు!,Telugu
నేను నిన్ను!,Telugu
నాకు అది,Telugu
నాకు నేను,Telugu
నేను వ్రాసిన?,Telugu
కోసం మీ?,Telugu
అడుగుతున్నాను నేను!,Telugu
ఆ మీరు?,Telugu
వెళ్లి నేను,Telugu
నేను మీరు అని!,Telugu
ఈ మీరు గురించి?,Telugu
నేను చేసాను?,Telugu
నన్ను మీరు!,Telugu
నాకు మీరు?,Telugu
నేను ఆ!,Telugu
నేను ఆ,Telugu
అక్కడ మీరు!,Telugu
మీరు ఏమి?,Telugu
అక్కడ నేను,Telugu
నేను అతనికి!,Telugu
తెలుగు భాష,Telugu
ఈ తెలుగు పాఠం?,Telugu
ఎలా ఉన్నారు మీరు!,Telugu
ఇది ఒక ప్రయోగం!,Telugu
బాగా ఉన్నాను నేను,Telugu
ఇది అభిప్రాయం నా!,Telugu
ఎందుకు మేము?,Telugu
నేను ప్రేమిస్తున్నాను!,Telugu
ఎందుకంటే నేను,Telugu
నేను సంతోషంగా ఉన్నాను!,Telugu
ఇది నా గుండె?,Telugu
రాశాను మీ కోసం నేను!,Telugu
స్నేహితుడు నా ఆయన!,Telugu
వెళ్లను నేను?,Telugu
నాకు అది!,Telugu
నేను నాకు!,Telugu
నేను వ్రాసిన,Telugu
నేను అడుగుతున్నాను!,Telugu
అతనికి నేను?,Telugu
మీరు ఆ!,Telugu
నేను చెప్పే?,Telugu
వెళ్లి నేను!,Telugu
మీరు అని నేను?,Telugu
గురించి మీరు ఈ?,Telugu
నేను చెప్పాను?,Telugu
చేసాను నేను?,Telugu
మీరు నన్ను,Telugu
మీరు నాకు!,Telugu
ఆ నేను?,Telugu
మీరు ఏమి!,Telugu
భాష తెలుగు?,Telugu
తెలుగు ఒక సందేశం ఇది,Telugu
ధన్యవాదాలు,Telugu
తెలుగు భాషా!,Telugu
తెలుగు ఈ పాఠం!,Telugu
ఎలా ఉన్నారు మీరు?,Telugu
ఒక ప్రయోగం ఇది?,Telugu
నేను బాగా ఉన్నాను,Telugu
ఇది నా అభిప్రాయం!,Telugu
ఉన్నాను సంతోషంగా నేను?,Telugu
చదవండి మీరు దీన్ని!,Telugu
గుండె ఇది నా?,Telugu
నేను మీకు?,Telugu
పుస్తకం ఈ?,Telugu
చేస్తున్నారు ఏమి మీరు!,Telugu
కోసం రాశాను నేను మీ?,Telugu
ఆయన స్నేహితుడు నా?,Telugu
నిన్ను నేను!,Telugu
అది నాకు,Telugu
పుస్తకాలు ఈ?,Telugu
వ్రాసిన నేను!,Telugu
కోసం మీ!,Telugu
నేను వెళ్లి!,Telugu
అతనిని ఆయన!,Telugu
మీరు నన్ను!,Telugu
అక్కడ నేను?,Telugu
ఇది తెలుగు సందేశం ఒక?,Telugu
భాషా తెలుగు,Telugu
ఎలా ఉన్నారు మీరు,Telugu
ఇది ఒక ప్రయోగం,Telugu
ఉన్నాను నేను బాగా!,Telugu
నా అభిప్రాయం ఇది?,Telugu
ప్రేమిస్తున్నాను నేను,Telugu
నేను ఎందుకంటే?,Telugu
మీరు చదవండి దీన్ని!,Telugu
ఇది నా గుండె!,Telugu
నేను మీకు!,Telugu
మీరు ఏమి చేస్తున్నారు,Telugu
రాశాను నేను కోసం మీ?,Telugu
నా ఇంటి,Telugu
చెప్పాను నేను,Telugu
ఆయన స్నేహితుడు నా!,Telugu
నేను వెళ్లను!,Telugu
నేను మీరు,Telugu
అది నాకు?,Telugu
ఈ పుస్తకాలు,Telugu
అడుగుతున్నాను నేను?,Telugu
నేను అతనికి,Telugu
మీరు ఆ,Telugu
నేను చెప్పే,Telugu
నేను అని మీరు?,Telugu
మీరు ఈ గురించి?,Telugu
ఆయన అతనిని,Telugu
మీరు నన్ను?,Telugu
మీరు నాకు,Telugu
ఆ నేను,Telugu
ఏమి మీరు,Telugu
వెళ్లి మీరు,Telugu
తెలుగు ఇది సందేశం ఒక!,Telugu
మీరు ఉన్నారు ఎలా?,Telugu
ఒక ఇది ప్రయోగం!,Telugu
ఉన్నాను బాగా నేను!,Telugu
అభిప్రాయం నా ఇది?,Telugu
మేము ఎందుకు!,Telugu
నేను ఎందుకంటే,Telugu
ఉన్నాను సంతోషంగా నేను,Telugu
చదవండి మీరు దీన్ని,Telugu
ఇది గుండె నా,Telugu
మీకు నేను,Telugu
పుస్తకం ఈ!,Telugu
ఏమి మీరు చేస్తున్నారు,Telugu
రాశాను మీ నేను కోసం?,Telugu
నా ఇంటి!,Telugu
మీరు నేను,Telugu
నేను నాకు,Telugu
ఈ పుస్తకాలు?,Telugu
ఆ మీరు!,Telugu
గురించి ఈ మీరు?,Telugu
అతనిని ఆయన,Telugu
నేను చేసాను,Telugu
మీరు నాకు?,Telugu
అక్కడ మీరు?,Telugu
నేను అక్కడ,Telugu
అతనికి నేను!,Telugu
మీరు వెళ్లి,Telugu
భాష తెలుగు!,Telugu
సందేశం తెలుగు ఇది ఒక!,Telugu
భాషా తెలుగు?,Telugu
తెలుగు పాఠం ఈ,Telugu
మీరు ఎలా ఉన్నారు,Telugu
ఇది అభిప్రాయం నా,Telugu
ప్రేమిస్తున్నాను నేను!,Telugu
సంతోషంగా నేను ఉన్నాను!,Telugu
నా గుండె ఇది?,Telugu
మీకు నేను?,Telugu
కోసం మీ నేను రాశాను?,Telugu
చెప్పాను నేను?,Telugu
నా స్నేహితుడు ఆయన?,Telugu
నేను వ్రాసిన!,Telugu
కోసం మీ,Telugu
అని మీరు నేను!,Telugu
మీరు ఈ గురించి,Telugu
చేసాను నేను!,Telugu
నేను ఆ?,Telugu
మీరు అక్కడ,Telugu
అక్కడ నేను!,Telugu
మీరు వెళ్లి!,Telugu
తెలుగు భాష!,Telugu
ఈ తెలుగు పాఠం!,Telugu
ఎలా మీరు ఉన్నారు,Telugu
నేను ఉన్నాను బాగా,Telugu
అభిప్రాయం ఇది నా,Telugu
నేను ఉన్నాను సంతోషంగా,Telugu
చదవండి దీన్ని మీరు!,Telugu
నా గుండె ఇది,Telugu
చేస్తున్నారు మీరు ఏమి?,Telugu
నేను మీ కోసం రాశాను,Telugu
నా ఆయన స్నేహితుడు,Telugu
మీరు నేను!,Telugu
మీరు నేను అని,Telugu
ఒక ఇది తెలుగు సందేశం?,Telugu
తెలుగు ఈ పాఠం,Telugu
ఉన్నాను బాగా నేను,Telugu
నా ఇది అభిప్రాయం!,Telugu
నేను ప్రేమిస్తున్నాను,Telugu
సంతోషంగా నేను ఉన్నాను,Telugu
మీరు దీన్ని చదవండి?,Telugu
చేస్తున్నారు మీరు ఏమి,Telugu
కోసం మీ రాశాను నేను!,Telugu
స్నేహితుడు నా ఆయన?,Telugu
నేను వెళ్లను,Telugu
ఈ పుస్తకాలు!,Telugu
మీ కోసం!,Telugu
మీరు ఆ?,Telugu
చేసాను నేను,Telugu
నేను అక్కడ?,Telugu
ఇది సందేశం ఒక తెలుగు!,Telugu
తెలుగు భాషా,Telugu
ఈ పాఠం తెలుగు?,Telugu
ఉన్నారు మీరు ఎలా!,Telugu
ప్రయోగం ఇది ఒక?,Telugu
ఉన్నాను బాగా నేను?,Telugu
అభిప్రాయం నా ఇది!,Telugu
నా ఇది గుండె,Telugu
ఏమి మీరు చేస్తున్నారు!,Telugu
వెళ్లను నేను,Telugu
నిన్ను నేను,Telugu
నేను అడుగుతున్నాను,Telugu
వెళ్లి నేను?,Telugu
అని నేను మీరు!,Telugu
ఈ మీరు గురించి,Telugu
అతనిని ఆయన?,Telugu
ఇది తెలుగు ఒక సందేశం?,Telugu
ప్రయోగం ఒక ఇది?,Telugu
ఇది నా అభిప్రాయం,Telugu
మీరు చదవండి దీన్ని?,Telugu
ఈ పుస్తకం?,Telugu
నేను రాశాను కోసం మీ?,Telugu
ఇంటి నా!,Telugu
స్నేహితుడు ఆయన నా,Telugu
అది నాకు!,Telugu
నేను అడుగుతున్నాను?,Telugu
చెప్పే నేను!,Telugu
నేను వెళ్లి?,Telugu
అని మీరు నేను,Telugu
గురించి మీరు ఈ!,Telugu
ఆయన అతనిని?,Telugu
నన్ను మీరు?,Telugu
మీరు వెళ్లి?,Telugu
ఇది ఒక సందేశం తెలుగు?,Telugu
మీరు ఎలా ఉన్నారు?,Telugu
ఇది ఒక ప్రయోగం?,Telugu
బాగా ఉన్నాను నేను?,Telugu
నా అభిప్రాయం ఇది,Telugu
ఎందుకంటే నేను?,Telugu
మీరు దీన్ని చదవండి!,Telugu
నేను నిన్ను?,Telugu
గురించి మీరు ఈ,Telugu
నాకు మీరు!,Telugu
సందేశం ఇది ఒక తెలుగు!,Telugu
పాఠం తెలుగు ఈ?,Telugu
ప్రయోగం ఒక ఇది,Telugu
మీరు దీన్ని చదవండి,Telugu
గుండె ఇది నా,Telugu
చేస్తున్నారు ఏమి మీరు,Telugu
నేను మీ కోసం రాశాను?,Telugu
నా ఆయన స్నేహితుడు?,Telugu
నేను మీరు?,Telugu
అని నేను మీరు,Telugu
అక్కడ మీరు,Telugu
సందేశం ఒక తెలుగు ఇది,Telugu
ఇది ప్రయోగం ఒక!,Telugu
నేను ఉన్నాను బాగా?,Telugu
దీన్ని చదవండి మీరు,Telugu
ఇది నా గుండె,Telugu
ఈ పుస్తకం!,Telugu
ఏమి మీరు చేస్తున్నారు?,Telugu
రాశాను కోసం నేను మీ?,Telugu
ఈ గురించి మీరు,Telugu
ఏమి మీరు!,Telugu
నమస్కారం?,Telugu
తెలుగు ఈ పాఠం?,Telugu
ఎలా మీరు ఉన్నారు!,Telugu
దీన్ని చదవండి మీరు?,Telugu
మీరు ఏమి చేస్తున్నారు?,Telugu
నేను కోసం రాశాను మీ!,Telugu
ఆయన నా స్నేహితుడు,Telugu
నాకు నేను?,Telugu
పుస్తకాలు ఈ,Telugu
మీరు నేను అని!,Telugu
మీరు అక్కడ?,Telugu
ఇది సందేశం తెలుగు ఒక!,Telugu
ఉన్నారు ఎలా మీరు!,Telugu
మేము ఎందుకు?,Telugu
చదవండి దీన్ని మీరు,Telugu
గుండె నా ఇది?,Telugu
మీ కోసం నేను రాశాను!,Telugu
మీ కోసం,Telugu
చెప్పే నేను,Telugu
ఈ మీరు గురించి!,Telugu
భాష తెలుగు,Telugu
ఉన్నారు ఎలా మీరు,Telugu
ఒక ఇది ప్రయోగం?,Telugu
నా గుండె ఇది!,Telugu
నేను రాశాను మీ కోసం?,Telugu
నేను చెప్పే!,Telugu
మీరు గురించి ఈ!,Telugu
తెలుగు ఒక ఇది సందేశం?,Telugu
పాఠం ఈ తెలుగు!,Telugu
నేను ఉన్నాను సంతోషంగా?,Telugu
మీరు చేస్తున్నారు ఏమి?,Telugu
నేను మీరు అని,Telugu
మీరు గురించి ఈ,Telugu
మీరు ఏమి,Telugu
వెళ్లి మీరు!,Telugu
ఒక సందేశం తెలుగు ఇది,Telugu
మీ నేను రాశాను కోసం!,Telugu
ఇది సందేశం తెలుగు ఒక?,Telugu
ఈ తెలుగు పాఠం,Telugu
ఉన్నారు మీరు ఎలా,Telugu
ఉన్నాను నేను బాగా,Telugu
నా అభిప్రాయం ఇది!,Telugu
ఉన్నాను సంతోషంగా నేను!,Telugu
దీన్ని చదవండి మీరు!,Telugu
గుండె ఇది నా!,Telugu
కోసం రాశాను మీ నేను!,Telugu
ఆయన నా స్నేహితుడు?,Telugu
నేను నిన్ను,Telugu
గురించి ఈ మీరు,Telugu
ఒక ఇది తెలుగు సందేశం,Telugu
ఈ పాఠం తెలుగు!,Telugu
ఒక ప్రయోగం ఇది!,Telugu
నేను కోసం మీ రాశాను,Telugu
మీరు నేను అని?,Telugu
మీరు గురించి ఈ?,Telugu
ఉన్నారు ఎలా మీరు?,Telugu
అభిప్రాయం ఇది నా?,Telugu
సంతోషంగా ఉన్నాను నేను!,Telugu
రాశాను కోసం మీ నేను,Telugu
నా ఇంటి?,Telugu
వ్రాసిన నేను?,Telugu
మీరు అని నేను,Telugu
తెలుగు ఇది ఒక సందేశం,Telugu
బాగా ఉన్నాను నేను!,Telugu
మేము ఎందుకు,Telugu
ఉన్నాను నేను సంతోషంగా,Telugu
రాశాను కోసం నేను మీ!,Telugu
అని మీరు నేను?,Telugu
తెలుగు ఒక ఇది సందేశం,Telugu
బాగా నేను ఉన్నాను,Telugu
దీన్ని మీరు చదవండి!,Telugu
కోసం మీ రాశాను నేను,Telugu
ఆయన నా స్నేహితుడు!,Telugu
మీరు ఈ గురించి!,Telugu
ఇది తెలుగు సందేశం ఒక!,Telugu
చదవండి మీరు దీన్ని?,Telugu
నేను మీ రాశాను కోసం!,Telugu
నా స్నేహితుడు ఆయన,Telugu
నాకు నేను!,Telugu
ఇది ప్రయోగం ఒక?,Telugu
చేస్తున్నారు మీరు ఏమి!,Telugu
రాశాను నేను కోసం మీ!,Telugu
నా ఆయన స్నేహితుడు!,Telugu
నేను అని మీరు!,Telugu
తెలుగు ఒక ఇది సందేశం!,Telugu
తెలుగు పాఠం ఈ!,Telugu
అభిప్రాయం ఇది నా!,Telugu
ఉన్నాను నేను సంతోషంగా!,Telugu
నేను రాశాను కోసం మీ,Telugu
అని నేను మీరు?,Telugu
గురించి ఈ మీరు!,Telugu
ఒక ఇది తెలుగు సందేశం!,Telugu
రాశాను మీ నేను కోసం,Telugu
నేను అని మీరు,Telugu
ఒక తెలుగు సందేశం ఇది,Telugu
పాఠం ఈ తెలుగు,Telugu
ఒక ఇది ప్రయోగం,Telugu
అభిప్రాయం నా ఇది,Telugu
ఇది తెలుగు ఒక సందేశం!,Telugu
తెలుగు పాఠం ఈ?,Telugu
ఇది అభిప్రాయం నా?,Telugu
నేను మీ రాశాను కోసం,Telugu
ఇది తెలుగు సందేశం ఒక,Telugu
మీరు ఎలా ఉన్నారు!,Telugu
బాగా నేను ఉన్నాను?,Telugu
మీ రాశాను నేను కోసం!,Telugu
సందేశం ఇది తెలుగు ఒక!,Telugu
ఈ పాఠం తెలుగు,Telugu
నేను సంతోషంగా ఉన్నాను?,Telugu
నా ఇది గుండె!,Telugu
మీరు చేస్తున్నారు ఏమి,Telugu
ఇది ఒక తెలుగు సందేశం!,Telugu
ఒక తెలుగు ఇది సందేశం!,Telugu
ఉన్నాను నేను సంతోషంగా?,Telugu
ఇది గుండె నా!,Telugu
చేస్తున్నారు ఏమి మీరు?,Telugu
నేను రాశాను మీ కోసం!,Telugu
స్నేహితుడు ఆయన నా?,Telugu
మీరు అని నేను!,Telugu
ఇది తెలుగు ఒక సందేశం,Telugu
ఉన్నారు మీరు ఎలా?,Telugu
నేను బాగా ఉన్నాను!,Telugu
స్నేహితుడు నా ఆయన,Telugu
ఏమి చేస్తున్నారు మీరు!,Telugu
రాశాను నేను మీ కోసం,Telugu
స్నేహితుడు ఆయన నా!,Telugu
తెలుగు సందేశం ఇది ఒక!,Telugu
ఒక ప్రయోగం ఇది,Telugu
నేను ఉన్నాను బాగా!,Telugu
ఏమి చేస్తున్నారు మీరు?,Telugu
నేను కోసం రాశాను మీ,Telugu
నేను మీ కోసం రాశాను!,Telugu
నా ఇది అభిప్రాయం,Telugu
దీన్ని మీరు చదవండి,Telugu
కోసం మీ నేను రాశాను!,Telugu
ಕನ್ನಡವೇನು!,Kannada
ಇದು ಒಂದು ಸಂದೇಶ ಕನ್ನಡ,Kannada
ಬಂದು ಮತ್ತೆ ನಾನು!,Kannada
ನಮಸ್ಕಾರ,Kannada
ಭಾಷೆ ಕನ್ನಡ?,Kannada
ಕನ್ನಡ ಒಂದು ಈ ಪಾಠ?,Kannada
ಹೇಗಿದ್ದೀರ ನೀವು?,Kannada
ಪ್ರಯೋಗ ಒಂದು ಇದು?,Kannada
ಚೆನ್ನಾಗಿದ್ದೇನೆ ನಾನು!,Kannada
ಪ್ರಕಾರ ಇದು ನನ್ನ!,Kannada
ಯಾಕೆ ನಾವು,Kannada
ಪ್ರೀತಿಸುತ್ತೇನೆ ನಾನು,Kannada
ಏಕೆಂದರೆ ನಾನು!,Kannada
ನಾನು ಸಂತೋಷವಂತು!,Kannada
ನೀವು ಓದಿ ಇದನ್ನು,Kannada
ನನ್ನ ಇದು ಹೃದಯ,Kannada
ನಾನು ನಿಮಗೆ!,Kannada
ಪುಸ್ತಕ ಈ,Kannada
ಏನು ನೀವು ಮಾಡುತ್ತಿರುವಿರಿ?,Kannada
ಬರೆದಿದೆ ನಾನು ನಿಮಗೆ,Kannada
ಮನೆಯ ನನ್ನ!,Kannada
ನಾನು ಹೇಳಿದನು?,Kannada
ಅವನು ನನ್ನ ಗೆಳೆಯ!,Kannada
ನಾನು ಹೋಗುವುದಿಲ್ಲ,Kannada
ನೀವು ನಾನು!,Kannada
ನಿನ್ನನ್ನು ನಾನು?,Kannada
ನನಗೆ ಅದು?,Kannada
ನಾನು ನನಗೆ?,Kannada
ಪುಸ್ತಕಗಳು ಈ?,Kannada
ಬರೆದ ನಾನು?,Kannada
ಪಾಲಿಗೆ ನಿಮ್ಮ,Kannada
ಕೇಳುತ್ತೇನೆ ನಾನು,Kannada
ಅವನಿಗೆ ನಾನು!,Kannada
ನೀವು ಆನು!,Kannada
ನಾನು ಹೇಳುವ,Kannada
ನಾನು ಹೋಗಿ?,Kannada
ನೀವು ನಾನು ಎಂದು?,Kannada
ನೀವು ಈ ಬಗ್ಗೆ,Kannada
ಅವನು ಅವನನ್ನು,Kannada
ಮಾಡಿದ್ದೇನೆ ನಾನು!,Kannada
ನೀವು ನನ್ನನ್ನು,Kannada
ನನಗೆ ನೀವು!,Kannada
ಆನು ನಾನು?,Kannada
ಅಲ್ಲಿ ನೀವು!,Kannada
ನೀವು ಏನು?,Kannada
ನಾನು ಅಲ್ಲಿ!,Kannada
ಅವನಿಗೆ ನಾನು,Kannada
ನೀವು ಹೋಗಿ!,Kannada
ಕನ್ನಡವೇನು,Kannada
ಇದು ಸಂದೇಶ ಕನ್ನಡ ಒಂದು!,Kannada
ಮತ್ತೆ ನಾನು ಬಂದು,Kannada
ಕನ್ನಡ ಭಾಷೆ,Kannada
ಒಂದು ಈ ಪಾಠ ಕನ್ನಡ?,Kannada
ನೀವು ಹೇಗಿದ್ದೀರ?,Kannada
ಪ್ರಯೋಗ ಇದು ಒಂದು!,Kannada
ಚೆನ್ನಾಗಿದ್ದೇನೆ ನಾನು,Kannada
ಇದು ನನ್ನ ಪ್ರಕಾರ!,Kannada
ಯಾಕೆ ನಾವು!,Kannada
ಪ್ರೀತಿಸುತ್ತೇನೆ ನಾನು!,Kannada
ನಾನು ಏಕೆಂದರೆ?,Kannada
ಸಂತೋಷವಂತು ನಾನು,Kannada
ಓದಿ ನೀವು ಇದನ್ನು?,Kannada
ಇದು ಹೃದಯ ನನ್ನ,Kannada
ನಿಮಗೆ ನಾನು?,Kannada
ಈ ಪುಸ್ತಕ!,Kannada
ಏನು ನೀವು ಮಾಡುತ್ತಿರುವಿರಿ!,Kannada
ನಾನು ನಿಮಗೆ ಬರೆದಿದೆ!,Kannada
ನನ್ನ ಮನೆಯ,Kannada
ಹೇಳಿದನು ನಾನು,Kannada
ಗೆಳೆಯ ಅವನು ನನ್ನ?,Kannada
ನಾನು ಹೋಗುವುದಿಲ್ಲ!,Kannada
ನೀವು ನಾನು,Kannada
ನಾನು ನಿನ್ನನ್ನು,Kannada
ಅದು ನನಗೆ!,Kannada
ನನಗೆ ನಾನು,Kannada
ಈ ಪುಸ್ತಕಗಳು,Kannada
ನಿಮ್ಮ ಪಾಲಿಗೆ?,Kannada
ನಾನು ಕೇಳುತ್ತೇನೆ!,Kannada
ನಾನು ಅವನಿಗೆ?,Kannada
ಹೇಳುವ ನಾನು!,Kannada
ನಾನು ಎಂದು ನೀವು,Kannada
ನೀವು ಬಗ್ಗೆ ಈ?,Kannada
ನಾನು ಹೇಳಿದನು!,Kannada
ನಾನು ಮಾಡಿದ್ದೇನೆ?,Kannada
ನನ್ನನ್ನು ನೀವು,Kannada
ನಾನು ಆನು,Kannada
ನಾನು ಆನು?,Kannada
ಅಲ್ಲಿ ನೀವು,Kannada
ನೀವು ಏನು!,Kannada
ಅವನಿಗೆ ನಾನು?,Kannada
ಹೋಗಿ ನೀವು?,Kannada
ಕನ್ನಡವೇನು?,Kannada
ಕನ್ನಡ ಒಂದು ಇದು ಸಂದೇಶ,Kannada
ಬಂದು ನಾನು ಮತ್ತೆ!,Kannada
ಕನ್ನಡ ಭಾಷೆ!,Kannada
ಪಾಠ ಒಂದು ಕನ್ನಡ ಈ,Kannada
ಹೇಗಿದ್ದೀರ ನೀವು!,Kannada
ಇದು ಪ್ರಯೋಗ ಒಂದು?,Kannada
ನಾನು ಚೆನ್ನಾಗಿದ್ದೇನೆ,Kannada
ಪ್ರಕಾರ ನನ್ನ ಇದು?,Kannada
ನಾವು ಯಾಕೆ,Kannada
ನಾನು ಏಕೆಂದರೆ,Kannada
ಓದಿ ಇದನ್ನು ನೀವು?,Kannada
ಇದು ನನ್ನ ಹೃದಯ!,Kannada
ಈ ಪುಸ್ತಕ,Kannada
ಏನು ಮಾಡುತ್ತಿರುವಿರಿ ನೀವು,Kannada
ನಾನು ಬರೆದಿದೆ ನಿಮಗೆ!,Kannada
ನನ್ನ ಮನೆಯ!,Kannada
ಹೇಳಿದನು ನಾನು!,Kannada
ನನ್ನ ಗೆಳೆಯ ಅವನು!,Kannada
ಹೋಗುವುದಿಲ್ಲ ನಾನು!,Kannada
ನೀವು ನಾನು?,Kannada
ನಾನು ನಿನ್ನನ್ನು!,Kannada
ಅದು ನನಗೆ?,Kannada
ಪುಸ್ತಕಗಳು ಈ!,Kannada
ಬರೆದ ನಾನು,Kannada
ನಾನು ಕೇಳುತ್ತೇನೆ?,Kannada
ನೀವು ಆನು,Kannada
ನಾನು ಹೋಗಿ,Kannada
ಎಂದು ನೀವು ನಾನು?,Kannada
ನೀವು ಬಗ್ಗೆ ಈ!,Kannada
ನಾನು ಹೇಳಿದನು,Kannada
ನಾನು ಮಾಡಿದ್ದೇನೆ,Kannada
ನಾನು ಆನು!,Kannada
ಏನು ನೀವು?,Kannada
ನಾನು ಅವನಿಗೆ,Kannada
ಹೋಗಿ ನೀವು,Kannada
ಸಂದೇಶ ಒಂದು ಇದು ಕನ್ನಡ,Kannada
ಬಂದು ನಾನು ಮತ್ತೆ,Kannada
ನಮಸ್ಕಾರ!,Kannada
ಒಂದು ಈ ಕನ್ನಡ ಪಾಠ,Kannada
ಒಂದು ಪ್ರಯೋಗ ಇದು?,Kannada
ನಾವು ಯಾಕೆ!,Kannada
ನಾನು ಪ್ರೀತಿಸುತ್ತೇನೆ?,Kannada
ಏಕೆಂದರೆ ನಾನು,Kannada
ನೀವು ಇದನ್ನು ಓದಿ!,Kannada
ಹೃದಯ ಇದು ನನ್ನ!,Kannada
ನಿಮಗೆ ನಾನು,Kannada
ನೀವು ಏನು ಮಾಡುತ್ತಿರುವಿರಿ,Kannada
ನಿಮಗೆ ಬರೆದಿದೆ ನಾನು?,Kannada
ಮನೆಯ ನನ್ನ,Kannada
ನನ್ನ ಗೆಳೆಯ ಅವನು,Kannada
ನಾನು ಹೋಗುವುದಿಲ್ಲ?,Kannada
ನಾನು ನೀವು!,Kannada
ಅದು ನನಗೆ,Kannada
ನನಗೆ ನಾನು!,Kannada
ನಾನು ಬರೆದ!,Kannada
ಪಾಲಿಗೆ ನಿಮ್ಮ!,Kannada
ನಾನು ಕೇಳುತ್ತೇನೆ,Kannada
ನಾನು ಅವನಿಗೆ!,Kannada
ಆನು ನೀವು,Kannada
ಹೇಳುವ ನಾನು?,Kannada
ಹೋಗಿ ನಾನು?,Kannada
ನೀವು ಎಂದು ನಾನು?,Kannada
ಬಗ್ಗೆ ಈ ನೀವು,Kannada
ಅವನನ್ನು ಅವನು?,Kannada
ನನ್ನನ್ನು ನೀವು?,Kannada
ನೀವು ನನಗೆ?,Kannada
ನೀವು ಅಲ್ಲಿ!,Kannada
ನಾನು ಅಲ್ಲಿ,Kannada
ನೀವು ಹೋಗಿ,Kannada
ಮತ್ತೆ ಬಂದು ನಾನು,Kannada
ಭಾಷೆ ಕನ್ನಡ,Kannada
ಒಂದು ಕನ್ನಡ ಪಾಠ ಈ?,Kannada
ನಾನು ಚೆನ್ನಾಗಿದ್ದೇನೆ?,Kannada
ನಾನು ಪ್ರೀತಿಸುತ್ತೇನೆ,Kannada
ಏಕೆಂದರೆ ನಾನು?,Kannada
ಸಂತೋಷವಂತು ನಾನು!,Kannada
ನೀವು ಓದಿ ಇದನ್ನು!,Kannada
ಪುಸ್ತಕ ಈ!,Kannada
ಏನು ಮಾಡುತ್ತಿರುವಿರಿ ನೀವು!,Kannada
ಬರೆದಿದೆ ನಿಮಗೆ ನಾನು,Kannada
ನನ್ನ ಮನೆಯ?,Kannada
ಅವನು ನನ್ನ ಗೆಳೆಯ,Kannada
ನಾನು ನೀವು?,Kannada
ನಾನು ನಿನ್ನನ್ನು?,Kannada
ನನಗೆ ಅದು,Kannada
ನಾನು ನನಗೆ,Kannada
ಈ ಪುಸ್ತಕಗಳು?,Kannada
ಪಾಲಿಗೆ ನಿಮ್ಮ?,Kannada
ಆನು ನೀವು!,Kannada
ನಾನು ಹೇಳುವ?,Kannada
ನಾನು ನೀವು ಎಂದು!,Kannada
ಮಾಡಿದ್ದೇನೆ ನಾನು,Kannada
ನೀವು ನನ್ನನ್ನು?,Kannada
ನನಗೆ ನೀವು,Kannada
ಆನು ನಾನು!,Kannada
ಅಲ್ಲಿ ನಾನು?,Kannada
ಸಂದೇಶ ಒಂದು ಇದು ಕನ್ನಡ!,Kannada
ಮತ್ತೆ ನಾನು ಬಂದು?,Kannada
ನಮಸ್ಕಾರ?,Kannada
ಭಾಷೆ ಕನ್ನಡ!,Kannada
ಈ ಒಂದು ಪಾಠ ಕನ್ನಡ!,Kannada
ಒಂದು ಇದು ಪ್ರಯೋಗ?,Kannada
ಇದು ನನ್ನ ಪ್ರಕಾರ,Kannada
ನಾವು ಯಾಕೆ?,Kannada
ಪ್ರೀತಿಸುತ್ತೇನೆ ನಾನು?,Kannada
ಓದಿ ನೀವು ಇದನ್ನು,Kannada
ನಿಮಗೆ ನಾನು!,Kannada
ಬರೆದಿದೆ ನಾನು ನಿಮಗೆ?,Kannada
ಗೆಳೆಯ ನನ್ನ ಅವನು?,Kannada
ನಾನು ನೀವು,Kannada
ನಿನ್ನನ್ನು ನಾನು!,Kannada
ನಾನು ನನಗೆ!,Kannada
ನಾನು ಬರೆದ?,Kannada
ನಿಮ್ಮ ಪಾಲಿಗೆ!,Kannada
ನಾನು ಎಂದು ನೀವು!,Kannada
ಈ ಬಗ್ಗೆ ನೀವು?,Kannada
ಅವನನ್ನು ಅವನು,Kannada
ನಾನು ಮಾಡಿದ್ದೇನೆ!,Kannada
ನೀವು ನನಗೆ!,Kannada
ನಾನು ಅಲ್ಲಿ?,Kannada
ನೀವು ಹೋಗಿ?,Kannada
ಇದು ಸಂದೇಶ ಒಂದು ಕನ್ನಡ?,Kannada
ನಾನು ಮತ್ತೆ ಬಂದು?,Kannada
ಕನ್ನಡ ಭಾಷೆ?,Kannada
ಈ ಕನ್ನಡ ಒಂದು ಪಾಠ?,Kannada
ನೀವು ಹೇಗಿದ್ದೀರ,Kannada
ಚೆನ್ನಾಗಿದ್ದೇನೆ ನಾನು?,Kannada
ನನ್ನ ಇದು ಪ್ರಕಾರ!,Kannada
ನಾನು ಪ್ರೀತಿಸುತ್ತೇನೆ!,Kannada
ನಾನು ಸಂತೋಷವಂತು?,Kannada
ಇದನ್ನು ನೀವು ಓದಿ,Kannada
ಹೃದಯ ನನ್ನ ಇದು?,Kannada
ನಾನು ನಿಮಗೆ,Kannada
ಏನು ನೀವು ಮಾಡುತ್ತಿರುವಿರಿ,Kannada
ನಿಮಗೆ ನಾನು ಬರೆದಿದೆ?,Kannada
ಮನೆಯ ನನ್ನ?,Kannada
ಅವನು ಗೆಳೆಯ ನನ್ನ,Kannada
ನಿನ್ನನ್ನು ನಾನು,Kannada
ನನಗೆ ಅದು!,Kannada
ನನಗೆ ನಾನು?,Kannada
ಪುಸ್ತಕಗಳು ಈ,Kannada
ನಾನು ಬರೆದ,Kannada
ನೀವು ಆನು?,Kannada
ನಾನು ಹೇಳುವ!,Kannada
ನೀವು ಬಗ್ಗೆ ಈ,Kannada
ಅವನು ಅವನನ್ನು!,Kannada
ಹೇಗಿದ್ದೀರ ನೀವು,Kannada
ಇದು ನನ್ನ ಪ್ರಕಾರ?,Kannada
ನೀವು ಮಾಡುತ್ತಿರುವಿರಿ ಏನು,Kannada
ಹೇಳಿದನು ನಾನು?,Kannada
ನನ್ನ ಅವನು ಗೆಳೆಯ,Kannada
ನಿಮ್ಮ ಪಾಲಿಗೆ,Kannada
ನಾನು ನೀವು ಎಂದು,Kannada
ಈ ಬಗ್ಗೆ ನೀವು,Kannada
ಅವನು ಅವನನ್ನು?,Kannada
ನೀವು ನನಗೆ,Kannada
ನೀವು ಅಲ್ಲಿ?,Kannada
ಕನ್ನಡ ಇದು ಒಂದು ಸಂದೇಶ!,Kannada
ಈ ಪಾಠ ಕನ್ನಡ ಒಂದು!,Kannada
ಒಂದು ಇದು ಪ್ರಯೋಗ,Kannada
ಇದನ್ನು ಓದಿ ನೀವು!,Kannada
ಹೃದಯ ಇದು ನನ್ನ?,Kannada
ಈ ಪುಸ್ತಕ?,Kannada
ಗೆಳೆಯ ನನ್ನ ಅವನು!,Kannada
ಕೇಳುತ್ತೇನೆ ನಾನು?,Kannada
ನೀವು ಅಲ್ಲಿ,Kannada
ಏನು ನೀವು,Kannada
ಹೋಗಿ ನೀವು!,Kannada
ಕನ್ನಡ ಇದು ಸಂದೇಶ ಒಂದು?,Kannada
ನಾನು ಬಂದು ಮತ್ತೆ!,Kannada
ಒಂದು ಪಾಠ ಕನ್ನಡ ಈ?,Kannada
ನಾನು ಚೆನ್ನಾಗಿದ್ದೇನೆ!,Kannada
ಇದನ್ನು ಓದಿ ನೀವು?,Kannada
ಇದು ಹೃದಯ ನನ್ನ!,Kannada
ಮಾಡುತ್ತಿರುವಿರಿ ಏನು ನೀವು!,Kannada
ಬರೆದಿದೆ ನಾನು ನಿಮಗೆ!,Kannada
ಬರೆದ ನಾನು!,Kannada
ನಾನು ಹೋಗಿ!,Kannada
ನಾನು ಎಂದು ನೀವು?,Kannada
ಈ ನೀವು ಬಗ್ಗೆ,Kannada
ಅಲ್ಲಿ ನೀವು?,Kannada
ಅಲ್ಲಿ ನಾನು!,Kannada
ಕನ್ನಡ ಒಂದು ಇದು ಸಂದೇಶ!,Kannada
ನಾನು ಮತ್ತೆ ಬಂದು!,Kannada
ಒಂದು ಪ್ರಯೋಗ ಇದು,Kannada
ಇದು ಪ್ರಕಾರ ನನ್ನ,Kannada
ಯಾಕೆ ನಾವು?,Kannada
ನಾನು ಸಂತೋಷವಂತು,Kannada
ನನ್ನ ಹೃದಯ ಇದು,Kannada
ನೀವು ಮಾಡುತ್ತಿರುವಿರಿ ಏನು?,Kannada
ಗೆಳೆಯ ಅವನು ನನ್ನ!,Kannada
ಹೋಗುವುದಿಲ್ಲ ನಾನು?,Kannada
ಹೇಳುವ ನಾನು,Kannada
ನೀವು ಎಂದು ನಾನು,Kannada
ನೀವು ಈ ಬಗ್ಗೆ?,Kannada
ನೀವು ಏನು,Kannada
ಅಲ್ಲಿ ನಾನು,Kannada
ಒಂದು ಕನ್ನಡ ಇದು ಸಂದೇಶ,Kannada
ಈ ಒಂದು ಕನ್ನಡ ಪಾಠ,Kannada
ನನ್ನ ಪ್ರಕಾರ ಇದು!,Kannada
ನೀವು ಇದನ್ನು ಓದಿ?,Kannada
ನನ್ನ ಹೃದಯ ಇದು?,Kannada
ನಾನು ನಿಮಗೆ?,Kannada
ಎಂದು ನಾನು ನೀವು,Kannada
ಬಗ್ಗೆ ನೀವು ಈ?,Kannada
ಸಂದೇಶ ಕನ್ನಡ ಇದು ಒಂದು?,Kannada
ಪ್ರಯೋಗ ಒಂದು ಇದು,Kannada
ಇದು ಪ್ರಕಾರ ನನ್ನ!,Kannada
ಓದಿ ಇದನ್ನು ನೀವು,Kannada
ನನ್ನ ಇದು ಹೃದಯ?,Kannada
ಮಾಡುತ್ತಿರುವಿರಿ ಏನು ನೀವು,Kannada
ನಿಮಗೆ ನಾನು ಬರೆದಿದೆ!,Kannada
ಎಂದು ನೀವು ನಾನು,Kannada
ಇದು ಒಂದು ಕನ್ನಡ ಸಂದೇಶ!,Kannada
ನಾನು ಬಂದು ಮತ್ತೆ?,Kannada
ಪಾಠ ಒಂದು ಈ ಕನ್ನಡ,Kannada
ಪ್ರಯೋಗ ಒಂದು ಇದು!,Kannada
ನಿಮಗೆ ಬರೆದಿದೆ ನಾನು!,Kannada
ನಾನು ನೀವು ಎಂದು?,Kannada
ನನ್ನನ್ನು ನೀವು!,Kannada
ಕನ್ನಡ ಇದು ಒಂದು ಸಂದೇಶ?,Kannada
ಒಂದು ಈ ಪಾಠ ಕನ್ನಡ,Kannada
ಪ್ರಯೋಗ ಇದು ಒಂದು?,Kannada
ನನ್ನ ಪ್ರಕಾರ ಇದು?,Kannada
ಸಂತೋಷವಂತು ನಾನು?,Kannada
ನೀವು ಮಾಡುತ್ತಿರುವಿರಿ ಏನು!,Kannada
ಗೆಳೆಯ ಅವನು ನನ್ನ,Kannada
ಈ ಪುಸ್ತಕಗಳು!,Kannada
ನೀವು ನಾನು ಎಂದು,Kannada
ಈ ನೀವು ಬಗ್ಗೆ!,Kannada
ಅವನನ್ನು ಅವನು!,Kannada
ಆನು ನಾನು,Kannada
ಇದು ಸಂದೇಶ ಕನ್ನಡ ಒಂದು,Kannada
ಬಂದು ಮತ್ತೆ ನಾನು?,Kannada
ಪಾಠ ಒಂದು ಕನ್ನಡ ಈ!,Kannada
ಮಾಡುತ್ತಿರುವಿರಿ ಏನು ನೀವು?,Kannada
ನಾನು ನಿಮಗೆ ಬರೆದಿದೆ,Kannada
ನನ್ನ ಅವನು ಗೆಳೆಯ!,Kannada
ಹೋಗಿ ನಾನು!,Kannada
ಏನು ನೀವು!,Kannada
ಸಂದೇಶ ಇದು ಕನ್ನಡ ಒಂದು?,Kannada
ಪ್ರಯೋಗ ಇದು ಒಂದು,Kannada
ನಾನು ಏಕೆಂದರೆ!,Kannada
ಓದಿ ನೀವು ಇದನ್ನು!,Kannada
ಪುಸ್ತಕ ಈ?,Kannada
ಬಗ್ಗೆ ನೀವು ಈ!,Kannada
ಮಾಡಿದ್ದೇನೆ ನಾನು?,Kannada
ಒಂದು ಕನ್ನಡ ಇದು ಸಂದೇಶ!,Kannada
ಪಾಠ ಒಂದು ಈ ಕನ್ನಡ?,Kannada
ನೀವು ಇದನ್ನು ಓದಿ,Kannada
ಕೇಳುತ್ತೇನೆ ನಾನು!,Kannada
ಹೋಗಿ ನಾನು,Kannada
ಎಂದು ನಾನು ನೀವು?,Kannada
ಈ ಒಂದು ಕನ್ನಡ ಪಾಠ?,Kannada
ಒಂದು ಇದು ಪ್ರಯೋಗ!,Kannada
ಪ್ರಕಾರ ಇದು ನನ್ನ,Kannada
ಇದನ್ನು ನೀವು ಓದಿ!,Kannada
ಹೃದಯ ಇದು ನನ್ನ,Kannada
ಬರೆದಿದೆ ನಿಮಗೆ ನಾನು?,Kannada
ಎಂದು ನೀವು ನಾನು!,Kannada
ಇದು ಕನ್ನಡ ಸಂದೇಶ ಒಂದು!,Kannada
ಬಂದು ನಾನು ಮತ್ತೆ?,Kannada
ಒಂದು ಕನ್ನಡ ಪಾಠ ಈ!,Kannada
ನನ್ನ ಹೃದಯ ಇದು!,Kannada
ಏನು ಮಾಡುತ್ತಿರುವಿರಿ ನೀವು?,Kannada
ಸಂದೇಶ ಕನ್ನಡ ಇದು ಒಂದು!,Kannada
ಪಾಠ ಈ ಒಂದು ಕನ್ನಡ,Kannada
ನನ್ನ ಇದು ಪ್ರಕಾರ,Kannada
ನನ್ನ ಇದು ಹೃದಯ!,Kannada
ಬರೆದಿದೆ ನಿಮಗೆ ನಾನು!,Kannada
ಅವನು ನನ್ನ ಗೆಳೆಯ?,Kannada
ನಾನು ಬಂದು ಮತ್ತೆ,Kannada
ಕನ್ನಡ ಈ ಪಾಠ ಒಂದು!,Kannada
ಇದು ಒಂದು ಪ್ರಯೋಗ,Kannada
ಮಾಡುತ್ತಿರುವಿರಿ ನೀವು ಏನು,Kannada
ಆನು ನೀವು?,Kannada
ಬಗ್ಗೆ ನೀವು ಈ,Kannada
ಒಂದು ಕನ್ನಡ ಇದು ಸಂದೇಶ?,Kannada
ಇದು ನನ್ನ ಹೃದಯ?,Kannada
ನನ್ನ ಗೆಳೆಯ ಅವನು?,Kannada
ಒಂದು ಇದು ಸಂದೇಶ ಕನ್ನಡ?,Kannada
ಬಂದು ಮತ್ತೆ ನಾನು,Kannada
ನನ್ನ ಪ್ರಕಾರ ಇದು,Kannada
ಓದಿ ಇದನ್ನು ನೀವು!,Kannada
ಹೃದಯ ನನ್ನ ಇದು!,Kannada
ಇದು ಒಂದು ಸಂದೇಶ ಕನ್ನಡ!,Kannada
ಕನ್ನಡ ಈ ಪಾಠ ಒಂದು?,Kannada
ಪ್ರಕಾರ ನನ್ನ ಇದು!,Kannada
ನಾನು ಬರೆದಿದೆ ನಿಮಗೆ,Kannada
ನೀವು ಈ ಬಗ್ಗೆ!,Kannada
ನನಗೆ ನೀವು?,Kannada
ಈ ಪಾಠ ಕನ್ನಡ ಒಂದು,Kannada
ನೀವು ಹೇಗಿದ್ದೀರ!,Kannada
ಒಂದು ಪ್ರಯೋಗ ಇದು!,Kannada
ನನ್ನ ಇದು ಪ್ರಕಾರ?,Kannada
ನಾನು ನಿಮಗೆ ಬರೆದಿದೆ?,Kannada
ಈ ಬಗ್ಗೆ ನೀವು!,Kannada
ಮತ್ತೆ ಬಂದು ನಾನು!,Kannada
ಪಾಠ ಕನ್ನಡ ಈ ಒಂದು,Kannada
ನಿಮಗೆ ಬರೆದಿದೆ ನಾನು,Kannada
ಗೆಳೆಯ ನನ್ನ ಅವನು,Kannada
ಸಂದೇಶ ಇದು ಒಂದು ಕನ್ನಡ?,Kannada
ಪಾಠ ಒಂದು ಈ ಕನ್ನಡ!,Kannada
ಹೋಗುವುದಿಲ್ಲ ನಾನು,Kannada
ಕನ್ನಡ ಇದು ಸಂದೇಶ ಒಂದು!,Kannada
ನಾನು ಮತ್ತೆ ಬಂದು,Kannada
ಕನ್ನಡ ಒಂದು ಈ ಪಾಠ,Kannada
ನೀವು ಏನು ಮಾಡುತ್ತಿರುವಿರಿ!,Kannada
ನಿಮಗೆ ನಾನು ಬರೆದಿದೆ,Kannada
ಸಂದೇಶ ಇದು ಒಂದು ಕನ್ನಡ!,Kannada
ಈ ಒಂದು ಪಾಠ ಕನ್ನಡ?,Kannada
ನೀವು ಓದಿ ಇದನ್ನು?,Kannada
ಕನ್ನಡ ಒಂದು ಪಾಠ ಈ!,Kannada
ಕನ್ನಡ ಸಂದೇಶ ಇದು ಒಂದು,Kannada
ಒಂದು ಪಾಠ ಈ ಕನ್ನಡ?,Kannada
ಇದು ಒಂದು ಪ್ರಯೋಗ!,Kannada
ಮತ್ತೆ ಬಂದು ನಾನು?,Kannada
ನೀವು ನಾನು ಎಂದು!,Kannada
ಬಗ್ಗೆ ಈ ನೀವು?,Kannada
ಇದು ಕನ್ನಡ ಸಂದೇಶ ಒಂದು,Kannada
ಮತ್ತೆ ನಾನು ಬಂದು!,Kannada
ಮಾಡುತ್ತಿರುವಿರಿ ನೀವು ಏನು?,Kannada
ನೀವು ನನ್ನನ್ನು!,Kannada
ಸಂದೇಶ ಒಂದು ಇದು ಕನ್ನಡ?,Kannada
ಕನ್ನಡ ಪಾಠ ಒಂದು ಈ,Kannada
ಹೃದಯ ನನ್ನ ಇದು,Kannada
ಒಂದು ಸಂದೇಶ ಇದು ಕನ್ನಡ!,Kannada
ಪಾಠ ಕನ್ನಡ ಒಂದು ಈ?,Kannada
ಇದು ಒಂದು ಪ್ರಯೋಗ?,Kannada
ಇದನ್ನು ನೀವು ಓದಿ?,Kannada
ನಾನು ಬರೆದಿದೆ ನಿಮಗೆ?,Kannada
ಬಗ್ಗೆ ಈ ನೀವು!,Kannada
ಪಾಠ ಒಂದು ಕನ್ನಡ ಈ?,Kannada
ಇದು ಸಂದೇಶ ಒಂದು ಕನ್ನಡ!,Kannada
ಒಂದು ಪಾಠ ಕನ್ನಡ ಈ,Kannada
ಒಂದು ಪಾಠ ಈ ಕನ್ನಡ!,Kannada
ಇದನ್ನು ಓದಿ ನೀವು,Kannada
ನೀವು ಏನು ಮಾಡುತ್ತಿರುವಿರಿ?,Kannada
ಈ ನೀವು ಬಗ್ಗೆ?,Kannada
ಎಂದು ನಾನು ನೀವು!,Kannada
தமிழ் செய்தி ஒரு இது,Tamil
இந்த தமிழ் ஒரு பாடம்?,Tamil
நீங்கள் பற்றி இதை,Tamil
இது தமிழ் செய்தி ஒரு,Tamil
தமிழ் இந்த ஒரு பாடம்?,Tamil
இதயம் என் இது,Tamil
இது செய்தி ஒரு தமிழ்?,Tamil
பற்றி இதை நீங்கள்,Tamil
இது ஒரு தமிழ் செய்தி!,Tamil
எப்படி இருக்கிறீர்கள் நீங்கள்,Tamil
இது ஒரு தமிழ் செய்தி,Tamil
தமிழ் ஒரு பாடம் இந்த,Tamil
ஒரு தமிழ் இது செய்தி?,Tamil
ஒரு பாடம் இந்த தமிழ்?,Tamil
மகிழ்ச்சியாக இருக்கிறேன் நான்!,Tamil
என் இதயம் இது!,Tamil
செய்தி தமிழ் ஒரு இது?,Tamil
தமிழ் இந்த ஒரு பாடம்!,Tamil
உங்களுக்காக நான் எழுதினேன்?,Tamil
ஒரு செய்தி தமிழ் இது?,Tamil
தமிழ் ஒரு இந்த பாடம்?,Tamil
தமிழ் ஒரு செய்தி இது?,Tamil
பாடம் ஒரு தமிழ் இந்த,Tamil
இந்த ஒரு பாடம் தமிழ்?,Tamil
நீங்கள் இருக்கிறீர்கள் எப்படி?,Tamil
இந்த புத்தகம்!,Tamil
இந்த பாடம் ஒரு தமிழ்,Tamil
என்ன செய்கிறீர்கள் நீங்கள்!,Tamil
ஒரு இந்த தமிழ் பாடம்?,Tamil
செய்தி ஒரு இது தமிழ்!,Tamil
செய்கிறீர்கள் நீங்கள் என்ன!,Tamil
இந்த ஒரு பாடம் தமிழ்,Tamil
நான் என்று நீங்கள்?,Tamil
ஒரு இது செய்தி தமிழ்?,Tamil
பாடம் இந்த ஒரு தமிழ்?,Tamil
இது என் கருத்து,Tamil
నేను కోసం మీ రాశాను!,Telugu
ఒక తెలుగు ఇది సందేశం,Telugu
ఎలా మీరు ఉన్నారు?,Telugu
సంతోషంగా నేను ఉన్నాను?,Telugu
నేను రాశాను కోసం మీ!,Telugu
సందేశం ఒక ఇది తెలుగు!,Telugu
నేను కోసం మీ రాశాను?,Telugu
ఒక తెలుగు సందేశం ఇది?,Telugu
ఇది ప్రయోగం ఒక,Telugu
చదవండి దీన్ని మీరు?,Telugu
కోసం నేను రాశాను మీ!,Telugu
మీ కోసం నేను రాశాను,Telugu
తెలుగు ఇది సందేశం ఒక,Telugu
రాశాను నేను కోసం మీ,Telugu
తెలుగు ఒక సందేశం ఇది!,Telugu
రాశాను కోసం నేను మీ,Telugu
సందేశం తెలుగు ఇది ఒక?,Telugu
నేను మీ రాశాను కోసం?,Telugu
సంతోషంగా ఉన్నాను నేను,Telugu
మీ నేను రాశాను కోసం?,Telugu
ఒక సందేశం ఇది తెలుగు?,Telugu
ప్రయోగం ఇది ఒక!,Telugu
మీ రాశాను నేను కోసం?,Telugu
సందేశం ఒక ఇది తెలుగు,Telugu
నా ఇది అభిప్రాయం?,Telugu
తెలుగు సందేశం ఇది ఒక,Telugu
నేను కోసం రాశాను మీ?,Telugu
తెలుగు ఇది సందేశం ఒక?,Telugu
తెలుగు ఒక సందేశం ఇది?,Telugu
నేను ఉన్నాను సంతోషంగా!,Telugu
మీ కోసం రాశాను నేను!,Telugu
ఇది ఒక తెలుగు సందేశం?,Telugu
పాఠం తెలుగు ఈ,Telugu
రాశాను మీ కోసం నేను,Telugu
తెలుగు సందేశం ఒక ఇది!,Telugu
మీ రాశాను కోసం నేను,Telugu
నేను బాగా ఉన్నాను?,Telugu
ಸಂದೇಶ ಇದು ಒಂದು ಕನ್ನಡ,Kannada
ಒಂದು ಈ ಕನ್ನಡ ಪಾಠ!,Kannada
ಪ್ರಕಾರ ಇದು ನನ್ನ?,Kannada
ಪ್ರಕಾರ ನನ್ನ ಇದು,Kannada
ಒಂದು ಇದು ಕನ್ನಡ ಸಂದೇಶ!,Kannada
ಕನ್ನಡ ಒಂದು ಪಾಠ ಈ?,Kannada
ಸಂದೇಶ ಒಂದು ಕನ್ನಡ ಇದು!,Kannada
ಒಂದು ಪಾಠ ಕನ್ನಡ ಈ!,Kannada
ಸಂದೇಶ ಒಂದು ಕನ್ನಡ ಇದು?,Kannada
ನನ್ನ ಅವನು ಗೆಳೆಯ?,Kannada
ಕನ್ನಡ ಸಂದೇಶ ಒಂದು ಇದು!,Kannada
ಅವನು ಗೆಳೆಯ ನನ್ನ!,Kannada
ಈ ಕನ್ನಡ ಪಾಠ ಒಂದು?,Kannada
ಒಂದು ಸಂದೇಶ ಕನ್ನಡ ಇದು?,Kannada
ಒಂದು ಈ ಕನ್ನಡ ಪಾಠ?,Kannada
ಕನ್ನಡ ಸಂದೇಶ ಇದು ಒಂದು!,Kannada
ಪಾಠ ಈ ಕನ್ನಡ ಒಂದು?,Kannada
ಇದು ಪ್ರಕಾರ ನನ್ನ?,Kannada
ಈ ಪಾಠ ಒಂದು ಕನ್ನಡ!,Kannada
ಇದು ಪ್ರಯೋಗ ಒಂದು!,Kannada
ಇದು ಒಂದು ಸಂದೇಶ ಕನ್ನಡ?,Kannada
ಇದು ಹೃದಯ ನನ್ನ?,Kannada
ಕನ್ನಡ ಪಾಠ ಈ ಒಂದು!,Kannada
ಇದು ಒಂದು ಕನ್ನಡ ಸಂದೇಶ,Kannada
ఇది ఒక తెలుగు సందేశం,Telugu
ಇದು ನನ್ನ ಹೃದಯ,Kannada
